{
  "sun": {
    "name": "Sun",
    "mass": 1.0,
    "radius": 0.00465,
    "color": [1.0, 1.0, 0.0]
  },

  "planets": [
    {
      "name": "Mercury",
      "mass": 1.660e-7,
      "radius": 1.63e-5,
      "a": 0.387,
      "e": 0.206,
      "i": 0.122,
      "Omega": 0.843,
      "omega": 1.351,
      "M": 0.0,
      "color": [0.6, 0.6, 0.6]
    },
    {
      "name": "Venus",
      "mass": 2.447e-6,
      "radius": 4.05e-5,
      "a": 0.723,
      "e": 0.007,
      "i": 0.059,
      "Omega": 1.338,
      "omega": 2.296,
      "M": 0.0,
      "color": [1.0, 0.8, 0.6]
    },
    {
      "name": "Earth",
      "mass": 3.003e-6,
      "radius": 4.26e-5,
      "a": 1.000,
      "e": 0.017,
      "i": 0.000,
      "Omega": -0.196,
      "omega": 1.796,
      "M": 0.0,
      "color": [0.2, 0.4, 1.0]
    },
    {
      "name": "Mars",
      "mass": 3.213e-7,
      "radius": 2.27e-5,
      "a": 1.524,
      "e": 0.093,
      "i": 0.032,
      "Omega": 0.865,
      "omega": 5.865,
      "M": 0.0,
      "color": [1.0, 0.3, 0.0]
    },
    {
      "name": "Jupiter",
      "mass": 9.545e-4,
      "radius": 0.00047,
      "a": 5.203,
      "e": 0.049,
      "i": 0.022,
      "Omega": 1.755,
      "omega": 0.257,
      "M": 0.0,
      "color": [1.0, 0.8, 0.4]
    },
    {
      "name": "Saturn",
      "mass": 2.857e-4,
      "radius": 0.00039,
      "a": 9.537,
      "e": 0.054,
      "i": 0.044,
      "Omega": 1.984,
      "omega": 1.104,
      "M": 0.0,
      "color": [0.9, 0.8, 0.6]
    },
    {
      "name": "Uranus",
      "mass": 4.366e-5,
      "radius": 0.00017,
      "a": 19.191,
      "e": 0.047,
      "i": 0.013,
      "Omega": 1.292,
      "omega": 2.983,
      "M": 0.0,
      "color": [0.5, 0.8, 1.0]
    },
    {
      "name": "Neptune",
      "mass": 5.151e-5,
      "radius": 0.00017,
      "a": 30.07,
      "e": 0.009,
      "i": 0.030,
      "Omega": 2.300,
      "omega": 1.770,
      "M": 0.0,
      "color": [0.3, 0.3, 1.0]
    }
  ]
}
